{
    "hello": "Hello Buddy', How may I help you?", 
    "name": "The name of the college is the University of Poppleton.",
    "location": "The college is located in the heart of Poppleton city.",
    "contact": "You can contact us at message@universityofpoppleton.com or call us at +22 100 226 6180.",
    "course": "We offer undergraduate and postgraduate programs in Computer Science, Arts, Business, and more. For the full list, visit our website.",
    "principal": "Our Principal is Dr. Patrick Mitchell, who has over 20 years of experience in education.",
    "admissions": "Admissions are open for the Fall semester starting September. You can apply online or visit our campus for assistance.",
    "facilities": "Our facilities include state-of-the-art laboratories, a modern library, sports grounds, and a dedicated VR room.",
    "sports": "We offer a wide range of sports including basketball, football, swimming, and table tennis.",
    "clubs": "We have over 20 active clubs including Robotics, Drama, Debate, and Photography clubs.",
    "scholarships": "Our college offers merit-based and need-based scholarships. Visit our website for more details.",
    "events": "We host cultural events, tech fests, and guest lectures throughout the year and more listed on the university online website.",
    "cafe": "The college cafe offers a variety of delicious and affordable meals for students.",
    "hostel": "We provide separate hostel facilities for boys and girls with 24/7 security.",
    "library": "Our library is equipped with over 50,000 books and digital resources for students and open 24/7 for your convenience.",
    "noreply": "I'm sorry, I don't have information about that. Please try asking something else."
}
